CPU,Memory,Disk,DiskType,InnoDB,Warehouse,Connections,TpmC,IdleL,IdleR,LoadUtl,RunUtl,Cost,Cost Performance Ratio,System,Platform,Region,Zone,Provider
1,3.75,10,0,128,5,50,3163,6.6,36.2,93.4,63.8,24.67,0.0078,A,GCP,Iowa,us-central1-a,Google
2,7.5,10,0,128,5,50,3423,45.4,51.2,54.6,48.8,48.94,0.0143,B,GCP,Iowa,us-central1-a,Google
4,15,10,0,128,5,50,3447,70.5,62.3,29.5,37.7,97.49,0.0283,C,GCP,Iowa,us-central1-a,Google
16,60,10,0,128,5,50,3554,93.5,94.6,6.5,5.4,388.76,0.1094,F,GCP,Iowa,us-central1-a,Google
1,3.75,10,0,128,20,100,1125,6.6,73.6,93.4,26.4,24.67,0.0219,A,GCP,Iowa,us-central1-a,Google
4,15,10,0,128,20,100,1168,71.9,84.7,28.1,15.3,97.49,0.0835,C,GCP,Iowa,us-central1-a,Google
4,15,80,0,128,5,10,3293,71.6,64.9,28.4,35.1,100.29,0.0305,C,GCP,Iowa,us-central1-a,Google
4,15,320,0,128,5,10,7585,71.1,35.9,28.9,64.1,109.61,0.0145,C,GCP,Iowa,us-central1-a,Google
1,3.75,20,0,128,5,10,3208,6.9,37.9,93.1,62.1,25.07,0.0078,A,GCP,Iowa,us-central1-a,Google
1,3.75,80,0,128,5,10,3162,7.8,38.3,92.2,61.7,27.47,0.0087,A,GCP,Iowa,us-central1-a,Google
1,3.75,100,0,128,5,10,3127,7.4,38.7,92.6,61.3,28.27,0.0090,A,GCP,Iowa,us-central1-a,Google
1,3.75,320,0,128,5,10,4377,7.2,7.7,92.8,92.3,37.07,0.0085,A,GCP,Iowa,us-central1-a,Google
1,3.75,250,0,128,5,10,4240,7.1,9.3,92.9,90.7,34.27,0.0081,A,GCP,Iowa,us-central1-a,Google
1,3.75,750,0,128,5,10,4712,7.0,3.2,93.0,96.8,54.27,0.0115,A,GCP,Iowa,us-central1-a,Google
1,3.75,10,0,16,1,10,1506,6.8,67.9,93.2,32.1,24.67,0.0164,A,GCP,Iowa,us-central1-a,Google
1,3.75,10,0,32,1,10,3397,7.2,38.7,92.8,61.3,24.67,0.0073,A,GCP,Iowa,us-central1-a,Google
1,3.75,10,0,64,1,10,5134,7.6,5.6,92.4,94.4,24.67,0.0048,A,GCP,Iowa,us-central1-a,Google
1,3.75,10,0,128,1,10,5334,7.7,2.2,92.3,97.8,24.67,0.0046,A,GCP,Iowa,us-central1-a,Google
1,3.75,10,0,256,1,10,5611,6.9,1.8,93.1,98.2,24.67,0.0044,A,GCP,Iowa,us-central1-a,Google
1,3.75,10,0,512,1,10,5630,7.3,2.0,92.7,98.0,24.67,0.0044,A,GCP,Iowa,us-central1-a,Google
1,3.75,10,0,1024,1,10,5628,7.9,1.9,92.1,98.1,24.67,0.0044,A,GCP,Iowa,us-central1-a,Google
2,7.5,10,0,16,1,10,1521,44.7,72.8,55.3,27.2,48.94,0.0322,B,GCP,Iowa,us-central1-a,Google
2,7.5,10,0,32,1,10,3456,46.2,50.7,53.8,49.3,48.94,0.0142,B,GCP,Iowa,us-central1-a,Google
2,7.5,10,0,64,1,10,6704,46.6,6.5,53.4,93.5,48.94,0.0073,B,GCP,Iowa,us-central1-a,Google
2,7.5,10,0,128,1,10,7893,45.7,3.4,54.3,96.6,48.94,0.0062,B,GCP,Iowa,us-central1-a,Google
2,7.5,10,0,256,1,10,7738,45.5,3.0,54.5,97.0,48.94,0.0063,B,GCP,Iowa,us-central1-a,Google
2,7.5,10,0,512,1,10,7796,44.9,3.1,55.1,96.9,48.94,0.0063,B,GCP,Iowa,us-central1-a,Google
2,7.5,10,0,1024,1,10,7757,45.3,3.3,54.7,96.7,48.94,0.0063,B,GCP,Iowa,us-central1-a,Google
4,15,10,0,16,1,10,1548,71.9,80.8,28.1,19.2,97.49,0.0630,C,GCP,Iowa,us-central1-a,Google
4,15,10,0,32,1,10,3602,71.1,63.2,28.9,36.8,97.49,0.0271,C,GCP,Iowa,us-central1-a,Google
4,15,10,0,64,1,10,10302,72.1,21.9,27.9,78.1,97.49,0.0095,C,GCP,Iowa,us-central1-a,Google
4,15,10,0,128,1,10,14100,71.1,14.8,28.9,85.2,97.49,0.0069,C,GCP,Iowa,us-central1-a,Google
4,15,10,0,256,1,10,14682,72.4,15.1,27.6,84.9,97.49,0.0066,C,GCP,Iowa,us-central1-a,Google
4,15,10,0,512,1,10,14792,71.7,13.0,28.3,87.0,97.49,0.0066,C,GCP,Iowa,us-central1-a,Google
4,15,10,0,1024,1,10,14663,70.8,13.3,29.2,86.7,97.49,0.0066,C,GCP,Iowa,us-central1-a,Google
16,60,10,0,16,1,10,1550,92.4,95.8,7.6,4.2,388.76,0.2508,F,GCP,Iowa,us-central1-a,Google
16,60,10,0,32,1,10,3581,92.9,91.6,7.1,8.4,388.76,0.1086,F,GCP,Iowa,us-central1-a,Google
16,60,10,0,64,1,10,10860,92.5,78.4,7.5,21.6,388.76,0.0358,F,GCP,Iowa,us-central1-a,Google
16,60,10,0,128,1,10,23945,92.8,66.5,7.2,33.5,388.76,0.0162,F,GCP,Iowa,us-central1-a,Google
16,60,10,0,256,1,10,25066,93.2,65.9,6.8,34.1,388.76,0.0155,F,GCP,Iowa,us-central1-a,Google
16,60,10,0,512,1,10,25158,92.2,65.5,7.8,34.5,388.76,0.0155,F,GCP,Iowa,us-central1-a,Google
16,60,10,0,1024,1,10,24808,92.5,66.1,7.5,33.9,388.76,0.0157,F,GCP,Iowa,us-central1-a,Google
1,3.75,500,0,16,1,10,3010,6.2,30.9,93.8,69.1,44.27,0.0147,A,GCP,Iowa,us-central1-a,Google
1,3.75,500,0,32,1,10,4116,7.0,14.5,93.0,85.5,44.27,0.0108,A,GCP,Iowa,us-central1-a,Google
1,3.75,500,0,64,1,10,5089,6.8,6.4,93.2,93.6,44.27,0.0087,A,GCP,Iowa,us-central1-a,Google
1,3.75,500,0,128,1,10,5457,6.5,2.2,93.5,97.8,44.27,0.0081,A,GCP,Iowa,us-central1-a,Google
1,3.75,500,0,256,1,10,5461,7.3,23.1,92.7,76.9,44.27,0.0081,A,GCP,Iowa,us-central1-a,Google
1,3.75,500,0,512,1,10,5506,6.2,2.4,93.8,97.6,44.27,0.0080,A,GCP,Iowa,us-central1-a,Google
1,3.75,500,0,1024,1,10,5449,6.5,1.9,93.5,98.1,44.27,0.0081,A,GCP,Iowa,us-central1-a,Google
2,7.5,500,0,16,1,10,3702,45.2,31.9,54.8,68.1,68.54,0.0185,B,GCP,Iowa,us-central1-a,Google
2,7.5,500,0,32,1,10,5659,44.8,17.7,55.2,82.3,68.54,0.0121,B,GCP,Iowa,us-central1-a,Google
2,7.5,500,0,64,1,10,7254,45.4,7.3,54.6,92.7,68.54,0.0094,B,GCP,Iowa,us-central1-a,Google
2,7.5,500,0,128,1,10,8195,45.1,3.0,54.9,97.0,68.54,0.0084,B,GCP,Iowa,us-central1-a,Google
2,7.5,500,0,256,1,10,8239,44.8,2.7,55.2,97.3,68.54,0.0083,B,GCP,Iowa,us-central1-a,Google
2,7.5,500,0,512,1,10,8306,45.0,2.9,55.0,97.1,68.54,0.0083,B,GCP,Iowa,us-central1-a,Google
2,7.5,500,0,1024,1,10,8251,45.3,3.1,54.7,96.9,68.54,0.0083,B,GCP,Iowa,us-central1-a,Google
4,15,500,0,16,1,10,3678,70.9,55.9,29.1,44.1,117.09,0.0318,C,GCP,Iowa,us-central1-a,Google
4,15,500,0,32,1,10,7536,71.2,35.8,28.8,64.2,117.09,0.0155,C,GCP,Iowa,us-central1-a,Google
4,15,500,0,64,1,10,11278,71.9,18.3,28.1,81.7,117.09,0.0104,C,GCP,Iowa,us-central1-a,Google
4,15,500,0,128,1,10,13261,71.3,9.8,28.7,90.2,117.09,0.0088,C,GCP,Iowa,us-central1-a,Google
4,15,500,0,256,1,10,13601,70.8,10.4,29.2,89.6,117.09,0.0086,C,GCP,Iowa,us-central1-a,Google
4,15,500,0,512,1,10,13825,72.3,11.6,27.7,88.4,117.09,0.0085,C,GCP,Iowa,us-central1-a,Google
4,15,500,0,1024,1,10,13568,71.2,10.7,28.8,89.3,117.09,0.0086,C,GCP,Iowa,us-central1-a,Google
16,60,500,0,16,1,10,3927,92.8,88.3,7.2,11.7,408.36,0.1040,F,GCP,Iowa,us-central1-a,Google
16,60,500,0,32,1,10,8375,92.9,77.1,7.1,22.9,408.36,0.0488,F,GCP,Iowa,us-central1-a,Google
16,60,500,0,64,1,10,15682,92.5,69.8,7.5,30.2,408.36,0.0260,F,GCP,Iowa,us-central1-a,Google
16,60,500,0,128,1,10,21924,93.0,64.6,7.0,35.4,408.36,0.0186,F,GCP,Iowa,us-central1-a,Google
16,60,500,0,256,1,10,22821,92.6,63.9,7.4,36.1,408.36,0.0179,F,GCP,Iowa,us-central1-a,Google
16,60,500,0,512,1,10,22524,93.1,64.3,6.9,35.7,408.36,0.0181,F,GCP,Iowa,us-central1-a,Google
16,60,500,0,1024,1,10,22730,93.3,64.5,6.7,35.5,408.36,0.0180,F,GCP,Iowa,us-central1-a,Google
1,3.75,10,0,16,5,10,753,5.6,76.2,94.4,23.8,24.67,0.0328,A,GCP,Iowa,us-central1-a,Google
1,3.75,10,0,32,5,10,1060,6.1,70.3,93.9,29.7,24.67,0.0233,A,GCP,Iowa,us-central1-a,Google
1,3.75,10,0,64,5,10,1644,5.9,61.8,94.1,38.2,24.67,0.0150,A,GCP,Iowa,us-central1-a,Google
1,3.75,10,0,128,5,10,3230,6.9,36.7,93.1,63.3,24.67,0.0076,A,GCP,Iowa,us-central1-a,Google
1,3.75,10,0,256,5,10,4549,7.1,6.3,92.9,93.7,24.67,0.0054,A,GCP,Iowa,us-central1-a,Google
1,3.75,10,0,512,5,10,4890,6.0,2.8,94.0,97.2,24.67,0.0050,A,GCP,Iowa,us-central1-a,Google
1,3.75,10,0,1024,5,10,4867,5.7,2.6,94.3,97.4,24.67,0.0051,A,GCP,Iowa,us-central1-a,Google
2,7.5,10,0,16,5,10,787,43.3,82.9,56.7,17.1,48.94,0.0622,B,GCP,Iowa,us-central1-a,Google
2,7.5,10,0,32,5,10,1086,44.2,77.2,55.8,22.8,48.94,0.0451,B,GCP,Iowa,us-central1-a,Google
2,7.5,10,0,64,5,10,1729,44.2,70.8,55.8,29.2,48.94,0.0283,B,GCP,Iowa,us-central1-a,Google
2,7.5,10,0,128,5,10,3378,44.6,50.8,55.4,49.2,48.94,0.0145,B,GCP,Iowa,us-central1-a,Google
2,7.5,10,0,256,5,10,6771,45.7,4.7,54.3,95.3,48.94,0.0072,B,GCP,Iowa,us-central1-a,Google
2,7.5,10,0,512,5,10,7162,45.0,2.2,55.0,97.8,48.94,0.0068,B,GCP,Iowa,us-central1-a,Google
2,7.5,10,0,1024,5,10,7139,43.9,2.4,56.1,97.6,48.94,0.0069,B,GCP,Iowa,us-central1-a,Google
4,15,10,0,16,5,10,800,70.7,88.5,29.3,11.5,97.49,0.1219,C,GCP,Iowa,us-central1-a,Google
4,15,10,0,32,5,10,1111,71.1,86.2,28.9,13.8,97.49,0.0877,C,GCP,Iowa,us-central1-a,Google
4,15,10,0,64,5,10,1782,71.2,80.7,28.8,19.3,97.49,0.0547,C,GCP,Iowa,us-central1-a,Google
4,15,10,0,128,5,10,3501,70.9,62.3,29.1,37.7,97.49,0.0278,C,GCP,Iowa,us-central1-a,Google
4,15,10,0,256,5,10,8255,71.8,22.8,28.2,77.2,97.49,0.0118,C,GCP,Iowa,us-central1-a,Google
4,15,10,0,512,5,10,14090,72.7,6.6,27.3,93.4,97.49,0.0069,C,GCP,Iowa,us-central1-a,Google
4,15,10,0,1024,5,10,14513,71.6,5.1,28.4,94.9,97.49,0.0067,C,GCP,Iowa,us-central1-a,Google
16,60,10,0,16,5,10,766,92.7,97.3,7.3,2.7,388.76,0.5075,F,GCP,Iowa,us-central1-a,Google
16,60,10,0,32,5,10,1096,92.9,96.4,7.1,3.6,388.76,0.3547,F,GCP,Iowa,us-central1-a,Google
16,60,10,0,64,5,10,1759,93.1,94.9,6.9,5.1,388.76,0.2210,F,GCP,Iowa,us-central1-a,Google
16,60,10,0,128,5,10,3499,93.2,91.2,6.8,8.8,388.76,0.1111,F,GCP,Iowa,us-central1-a,Google
16,60,10,0,256,5,10,8865,92.3,78.8,7.7,21.2,388.76,0.0439,F,GCP,Iowa,us-central1-a,Google
16,60,10,0,512,5,10,30810,92.8,51.7,7.2,48.3,388.76,0.0126,F,GCP,Iowa,us-central1-a,Google
16,60,10,0,1024,5,10,29700,92.2,53.3,7.8,46.7,388.76,0.0131,F,GCP,Iowa,us-central1-a,Google
8,30,10,0,16,1,10,1552,85.7,92.2,14.3,7.8,194.58,0.1254,D,GCP,Iowa,us-central1-a,Google
8,30,10,0,32,1,10,3473,85.1,86.1,14.9,13.9,194.58,0.0560,D,GCP,Iowa,us-central1-a,Google
8,30,10,0,64,1,10,10560,84.8,63.9,15.2,36.1,194.58,0.0184,D,GCP,Iowa,us-central1-a,Google
8,30,10,0,128,1,10,19623,86.2,38.8,13.8,61.2,194.58,0.0099,D,GCP,Iowa,us-central1-a,Google
8,30,10,0,256,1,10,20278,85.5,35.2,14.5,64.8,194.58,0.0096,D,GCP,Iowa,us-central1-a,Google
8,30,10,0,512,1,10,19874,85.9,36.5,14.1,63.5,194.58,0.0098,D,GCP,Iowa,us-central1-a,Google
8,30,10,0,1024,1,10,19963,85.3,34.8,14.7,65.2,194.58,0.0097,D,GCP,Iowa,us-central1-a,Google
8,30,500,0,16,1,10,3438,85.2,75.8,14.8,24.2,214.18,0.0623,D,GCP,Iowa,us-central1-a,Google
8,30,500,0,32,1,10,7888,85.7,61.4,14.3,38.6,214.18,0.0272,D,GCP,Iowa,us-central1-a,Google
8,30,500,0,64,1,10,13266,85.4,43.3,14.6,56.7,214.18,0.0161,D,GCP,Iowa,us-central1-a,Google
8,30,500,0,128,1,10,16678,86.2,36.8,13.8,63.2,214.18,0.0128,D,GCP,Iowa,us-central1-a,Google
8,30,500,0,256,1,10,17118,84.9,36.5,15.1,63.5,214.18,0.0125,D,GCP,Iowa,us-central1-a,Google
8,30,500,0,512,1,10,17513,85.1,35.7,14.9,64.3,214.18,0.0122,D,GCP,Iowa,us-central1-a,Google
8,30,500,0,1024,1,10,17693,85.7,35.3,14.3,64.7,214.18,0.0121,D,GCP,Iowa,us-central1-a,Google
8,30,10,0,16,5,10,880,85.9,94.2,14.1,5.8,194.58,0.2211,D,GCP,Iowa,us-central1-a,Google
8,30,10,0,32,5,10,1177,85.4,93.4,14.6,6.6,194.58,0.1653,D,GCP,Iowa,us-central1-a,Google
8,30,10,0,64,5,10,1737,85.2,91.1,14.8,8.9,194.58,0.1120,D,GCP,Iowa,us-central1-a,Google
8,30,10,0,128,5,10,3393,86.1,85.0,13.9,15.0,194.58,0.0573,D,GCP,Iowa,us-central1-a,Google
8,30,10,0,256,5,10,8408,85.3,62.6,14.7,37.4,194.58,0.0231,D,GCP,Iowa,us-central1-a,Google
8,30,10,0,512,5,10,22670,84.9,23.2,15.1,76.8,194.58,0.0086,D,GCP,Iowa,us-central1-a,Google
8,30,10,0,1024,5,10,24047,85.2,20.7,14.8,79.3,194.58,0.0081,D,GCP,Iowa,us-central1-a,Google
8,30,500,0,16,5,10,2756,85.8,84.8,14.2,15.2,214.18,0.0777,D,GCP,Iowa,us-central1-a,Google
8,30,500,0,32,5,10,3786,85.0,81.5,15.0,18.5,214.18,0.0566,D,GCP,Iowa,us-central1-a,Google
8,30,500,0,64,5,10,5531,85.3,73.5,14.7,26.5,214.18,0.0387,D,GCP,Iowa,us-central1-a,Google
8,30,500,0,128,5,10,10499,86.1,52.7,13.9,47.3,214.18,0.0204,D,GCP,Iowa,us-central1-a,Google
8,30,500,0,256,5,10,16247,85.7,40.9,14.3,59.1,214.18,0.0132,D,GCP,Iowa,us-central1-a,Google
8,30,500,0,512,5,10,21449,85.5,26.3,14.5,73.7,214.18,0.0100,D,GCP,Iowa,us-central1-a,Google
8,30,500,0,1024,5,10,22234,85.2,25.9,14.8,74.1,214.18,0.0096,D,GCP,Iowa,us-central1-a,Google
1,3.75,500,0,16,5,10,2817,6.2,36.6,93.8,63.4,44.27,0.0157,A,GCP,Iowa,us-central1-a,Google
1,3.75,500,0,32,5,10,3290,7.7,29.8,92.3,70.2,44.27,0.0135,A,GCP,Iowa,us-central1-a,Google
1,3.75,500,0,64,5,10,3777,8.1,14.2,91.9,85.8,44.27,0.0117,A,GCP,Iowa,us-central1-a,Google
1,3.75,500,0,128,5,10,4344,6.8,6.4,93.2,93.6,44.27,0.0102,A,GCP,Iowa,us-central1-a,Google
1,3.75,500,0,256,5,10,4718,7.2,2.8,92.8,97.2,44.27,0.0094,A,GCP,Iowa,us-central1-a,Google
1,3.75,500,0,512,5,10,4864,6.3,2.2,93.7,97.8,44.27,0.0091,A,GCP,Iowa,us-central1-a,Google
1,3.75,500,0,1024,5,10,4844,7.5,3.1,92.5,96.9,44.27,0.0091,A,GCP,Iowa,us-central1-a,Google
2,7.5,500,0,16,5,10,2809,43.9,46.4,56.1,53.6,68.54,0.0244,B,GCP,Iowa,us-central1-a,Google
2,7.5,500,0,32,5,10,3734,44.3,35.1,55.7,64.9,68.54,0.0184,B,GCP,Iowa,us-central1-a,Google
2,7.5,500,0,64,5,10,4971,43.6,21.8,56.4,78.2,68.54,0.0138,B,GCP,Iowa,us-central1-a,Google
2,7.5,500,0,128,5,10,6236,43.8,13.3,56.2,86.7,68.54,0.0110,B,GCP,Iowa,us-central1-a,Google
2,7.5,500,0,256,5,10,7538,44.1,4.0,55.9,96.0,68.54,0.0091,B,GCP,Iowa,us-central1-a,Google
2,7.5,500,0,512,5,10,8056,44.0,2.3,56.0,97.7,68.54,0.0085,B,GCP,Iowa,us-central1-a,Google
2,7.5,500,0,1024,5,10,8249,43.7,2.5,56.3,97.5,68.54,0.0083,B,GCP,Iowa,us-central1-a,Google
4,15,500,0,16,5,10,2799,72.2,69.8,27.8,30.2,117.09,0.0418,C,GCP,Iowa,us-central1-a,Google
4,15,500,0,32,5,10,3809,71.7,60.2,28.3,39.8,117.09,0.0307,C,GCP,Iowa,us-central1-a,Google
4,15,500,0,64,5,10,5533,72.0,47.5,28.0,52.5,117.09,0.0212,C,GCP,Iowa,us-central1-a,Google
4,15,500,0,128,5,10,9091,72.4,28.7,27.6,71.3,117.09,0.0129,C,GCP,Iowa,us-central1-a,Google
4,15,500,0,256,5,10,12891,70.7,10.2,29.3,89.8,117.09,0.0091,C,GCP,Iowa,us-central1-a,Google
4,15,500,0,512,5,10,15151,71.5,5.5,28.5,94.5,117.09,0.0077,C,GCP,Iowa,us-central1-a,Google
4,15,500,0,1024,5,10,15646,71.1,6.4,28.9,93.6,117.09,0.0075,C,GCP,Iowa,us-central1-a,Google
16,60,500,0,16,5,10,2491,93.1,91.5,6.9,8.5,408.36,0.1639,F,GCP,Iowa,us-central1-a,Google
16,60,500,0,32,5,10,3880,92.3,87.7,7.7,12.3,408.36,0.1052,F,GCP,Iowa,us-central1-a,Google
16,60,500,0,64,5,10,5569,92.7,83.2,7.3,16.8,408.36,0.0733,F,GCP,Iowa,us-central1-a,Google
16,60,500,0,128,5,10,10793,92.5,70.7,7.5,29.3,408.36,0.0378,F,GCP,Iowa,us-central1-a,Google
16,60,500,0,256,5,10,18466,92.6,61.4,7.4,38.6,408.36,0.0221,F,GCP,Iowa,us-central1-a,Google
16,60,500,0,512,5,10,26065,93.2,56.3,6.8,43.7,408.36,0.0157,F,GCP,Iowa,us-central1-a,Google
16,60,500,0,1024,5,10,27768,92.4,57.5,7.6,42.5,408.36,0.0147,F,GCP,Iowa,us-central1-a,Google
1,3.75,10,1,16,1,10,1611,7.4,60.4,92.6,39.6,25.97,0.0161,A,GCP,Iowa,us-central1-a,Google
1,3.75,10,1,32,1,10,3299,7.1,35.4,92.9,64.6,25.97,0.0079,A,GCP,Iowa,us-central1-a,Google
1,3.75,10,1,64,1,10,6093,6.3,7.1,93.7,92.9,25.97,0.0043,A,GCP,Iowa,us-central1-a,Google
1,3.75,10,1,128,1,10,6775,7.0,2.8,93.0,97.2,25.97,0.0038,A,GCP,Iowa,us-central1-a,Google
1,3.75,10,1,256,1,10,6860,6.5,3.2,93.5,96.8,25.97,0.0038,A,GCP,Iowa,us-central1-a,Google
1,3.75,10,1,512,1,10,6879,7.4,3.9,92.6,96.1,25.97,0.0038,A,GCP,Iowa,us-central1-a,Google
1,3.75,10,1,1024,1,10,6852,6.6,2.8,93.4,97.2,25.97,0.0038,A,GCP,Iowa,us-central1-a,Google
2,7.5,10,1,16,1,10,1548,43.2,68.5,56.8,31.5,50.24,0.0325,B,GCP,Iowa,us-central1-a,Google
2,7.5,10,1,32,1,10,3612,43.6,46.2,56.4,53.8,50.24,0.0139,B,GCP,Iowa,us-central1-a,Google
2,7.5,10,1,64,1,10,7654,42.9,6.8,57.1,93.2,50.24,0.0066,B,GCP,Iowa,us-central1-a,Google
2,7.5,10,1,128,1,10,8637,43.1,3.4,56.9,96.6,50.24,0.0058,B,GCP,Iowa,us-central1-a,Google
2,7.5,10,1,256,1,10,8741,43.7,2.9,56.3,97.1,50.24,0.0057,B,GCP,Iowa,us-central1-a,Google
2,7.5,10,1,512,1,10,8785,43.0,2.6,57.0,97.4,50.24,0.0057,B,GCP,Iowa,us-central1-a,Google
2,7.5,10,1,1024,1,10,8713,43.8,3.7,56.2,96.3,50.24,0.0058,B,GCP,Iowa,us-central1-a,Google
4,15,10,1,16,1,10,1555,71.2,84.9,28.8,15.1,98.79,0.0635,C,GCP,Iowa,us-central1-a,Google
4,15,10,1,32,1,10,3765,72.1,69.3,27.9,30.7,98.79,0.0262,C,GCP,Iowa,us-central1-a,Google
4,15,10,1,64,1,10,9185,70.8,41.1,29.2,58.9,98.79,0.0108,C,GCP,Iowa,us-central1-a,Google
4,15,10,1,128,1,10,13682,71.7,12.8,28.3,87.2,98.79,0.0072,C,GCP,Iowa,us-central1-a,Google
4,15,10,1,256,1,10,13989,71.4,11.4,28.6,88.6,98.79,0.0071,C,GCP,Iowa,us-central1-a,Google
4,15,10,1,512,1,10,14028,71.6,10.1,28.4,89.9,98.79,0.0070,C,GCP,Iowa,us-central1-a,Google
4,15,10,1,1024,1,10,14087,72.0,12.6,28.0,87.4,98.79,0.0070,C,GCP,Iowa,us-central1-a,Google
8,30,10,1,16,1,10,1550,85.7,91.9,14.3,8.1,195.88,0.1264,D,GCP,Iowa,us-central1-a,Google
8,30,10,1,32,1,10,3545,85.3,85.3,14.7,14.7,195.88,0.0553,D,GCP,Iowa,us-central1-a,Google
8,30,10,1,64,1,10,8917,85.8,67.7,14.2,32.3,195.88,0.0220,D,GCP,Iowa,us-central1-a,Google
8,30,10,1,128,1,10,19211,84.9,36.8,15.1,63.2,195.88,0.0102,D,GCP,Iowa,us-central1-a,Google
8,30,10,1,256,1,10,19618,85.2,35.3,14.8,64.7,195.88,0.0100,D,GCP,Iowa,us-central1-a,Google
8,30,10,1,512,1,10,19450,85.8,34.7,14.2,65.3,195.88,0.0101,D,GCP,Iowa,us-central1-a,Google
8,30,10,1,1024,1,10,19553,85.2,35.2,14.8,64.8,195.88,0.0100,D,GCP,Iowa,us-central1-a,Google
1,3.75,10,1,16,5,10,1297,7.9,71.7,92.1,28.3,25.97,0.0200,A,GCP,Iowa,us-central1-a,Google
1,3.75,10,1,32,5,10,1900,6.4,60.2,93.6,39.8,25.97,0.0137,A,GCP,Iowa,us-central1-a,Google
1,3.75,10,1,64,5,10,2906,7.3,43.5,92.7,56.5,25.97,0.0089,A,GCP,Iowa,us-central1-a,Google
1,3.75,10,1,128,5,10,4753,7.7,22.7,92.3,77.3,25.97,0.0055,A,GCP,Iowa,us-central1-a,Google
1,3.75,10,1,256,5,10,6344,6.6,6.3,93.4,93.7,25.97,0.0041,A,GCP,Iowa,us-central1-a,Google
1,3.75,10,1,512,5,10,6579,6.3,2.8,93.7,97.2,25.97,0.0039,A,GCP,Iowa,us-central1-a,Google
1,3.75,10,1,1024,5,10,6772,6.9,2.4,93.1,97.6,25.97,0.0038,A,GCP,Iowa,us-central1-a,Google
2,7.5,10,1,16,5,10,1216,42.8,75.4,57.2,24.6,50.24,0.0413,B,GCP,Iowa,us-central1-a,Google
2,7.5,10,1,32,5,10,1868,43.3,65.9,56.7,34.1,50.24,0.0269,B,GCP,Iowa,us-central1-a,Google
2,7.5,10,1,64,5,10,3135,44.1,53.0,55.9,47.0,50.24,0.0160,B,GCP,Iowa,us-central1-a,Google
2,7.5,10,1,128,5,10,5267,43.8,30.2,56.2,69.8,50.24,0.0095,B,GCP,Iowa,us-central1-a,Google
2,7.5,10,1,256,5,10,8197,43.0,5.9,57.0,94.1,50.24,0.0061,B,GCP,Iowa,us-central1-a,Google
2,7.5,10,1,512,5,10,8621,43.5,2.5,56.5,97.5,50.24,0.0058,B,GCP,Iowa,us-central1-a,Google
2,7.5,10,1,1024,5,10,8755,43.1,2.6,56.9,97.4,50.24,0.0057,B,GCP,Iowa,us-central1-a,Google
4,15,10,1,16,5,10,1187,72.7,86.8,27.3,13.2,98.79,0.0832,C,GCP,Iowa,us-central1-a,Google
4,15,10,1,32,5,10,1829,72.1,82.2,27.9,17.8,98.79,0.0540,C,GCP,Iowa,us-central1-a,Google
4,15,10,1,64,5,10,2996,71.6,76.4,28.4,23.6,98.79,0.0330,C,GCP,Iowa,us-central1-a,Google
4,15,10,1,128,5,10,5414,72.9,60.2,27.1,39.8,98.79,0.0182,C,GCP,Iowa,us-central1-a,Google
4,15,10,1,256,5,10,9386,73.1,40.7,26.9,59.3,98.79,0.0105,C,GCP,Iowa,us-central1-a,Google
4,15,10,1,512,5,10,12267,72.0,5.7,28.0,94.3,98.79,0.0081,C,GCP,Iowa,us-central1-a,Google
4,15,10,1,1024,5,10,12147,72.2,6.1,27.8,93.9,98.79,0.0081,C,GCP,Iowa,us-central1-a,Google
8,30,10,1,16,5,10,1167,84.8,91.5,15.2,8.5,195.88,0.1678,D,GCP,Iowa,us-central1-a,Google
8,30,10,1,32,5,10,1801,85.3,86.6,14.7,13.4,195.88,0.1088,D,GCP,Iowa,us-central1-a,Google
8,30,10,1,64,5,10,2910,85.1,80.7,14.9,19.3,195.88,0.0673,D,GCP,Iowa,us-central1-a,Google
8,30,10,1,128,5,10,5407,86.0,70.8,14.0,29.2,195.88,0.0362,D,GCP,Iowa,us-central1-a,Google
8,30,10,1,256,5,10,9506,84.8,56.4,15.2,43.6,195.88,0.0206,D,GCP,Iowa,us-central1-a,Google
8,30,10,1,512,5,10,12559,85.0,28.8,15.0,71.2,195.88,0.0156,D,GCP,Iowa,us-central1-a,Google
8,30,10,1,1024,5,10,12338,85.2,26.3,14.8,73.7,195.88,0.0159,D,GCP,Iowa,us-central1-a,Google
1,3.75,500,1,16,1,10,2659,7.7,28.5,92.3,71.5,109.27,0.0411,A,GCP,Iowa,us-central1-a,Google
1,3.75,500,1,32,1,10,3742,8.2,13.7,91.8,86.3,109.27,0.0292,A,GCP,Iowa,us-central1-a,Google
1,3.75,500,1,64,1,10,4983,6.6,7.9,93.4,92.1,109.27,0.0219,A,GCP,Iowa,us-central1-a,Google
1,3.75,500,1,128,1,10,5409,6.3,3.6,93.7,96.4,109.27,0.0202,A,GCP,Iowa,us-central1-a,Google
1,3.75,500,1,256,1,10,5458,7.5,3.0,92.5,97.0,109.27,0.0200,A,GCP,Iowa,us-central1-a,Google
1,3.75,500,1,512,1,10,5488,7.1,3.2,92.9,96.8,109.27,0.0199,A,GCP,Iowa,us-central1-a,Google
1,3.75,500,1,1024,1,10,5456,6.9,2.7,93.1,97.3,109.27,0.0200,A,GCP,Iowa,us-central1-a,Google
2,7.5,500,1,16,1,10,3979,43.4,30.8,56.6,69.2,133.54,0.0336,B,GCP,Iowa,us-central1-a,Google
2,7.5,500,1,32,1,10,5724,43.6,18.7,56.4,81.3,133.54,0.0233,B,GCP,Iowa,us-central1-a,Google
2,7.5,500,1,64,1,10,7499,43.1,7.9,56.9,92.1,133.54,0.0178,B,GCP,Iowa,us-central1-a,Google
2,7.5,500,1,128,1,10,8444,43.0,3.3,57.0,96.7,133.54,0.0158,B,GCP,Iowa,us-central1-a,Google
2,7.5,500,1,256,1,10,8569,43.9,2.9,56.1,97.1,133.54,0.0156,B,GCP,Iowa,us-central1-a,Google
2,7.5,500,1,512,1,10,8562,42.8,3.4,57.2,96.6,133.54,0.0156,B,GCP,Iowa,us-central1-a,Google
2,7.5,500,1,1024,1,10,8479,43.1,3.1,56.9,96.9,133.54,0.0157,B,GCP,Iowa,us-central1-a,Google
4,15,500,1,16,1,10,4903,70.7,48.6,29.3,51.4,182.09,0.0371,C,GCP,Iowa,us-central1-a,Google
4,15,500,1,32,1,10,7939,70.3,30.5,29.7,69.5,182.09,0.0229,C,GCP,Iowa,us-central1-a,Google
4,15,500,1,64,1,10,12035,71.8,15.9,28.2,84.1,182.09,0.0151,C,GCP,Iowa,us-central1-a,Google
4,15,500,1,128,1,10,14117,70.2,12.1,29.8,87.9,182.09,0.0129,C,GCP,Iowa,us-central1-a,Google
4,15,500,1,256,1,10,14459,71.4,9.6,28.6,90.4,182.09,0.0126,C,GCP,Iowa,us-central1-a,Google
4,15,500,1,512,1,10,14362,70.9,11.3,29.1,88.7,182.09,0.0127,C,GCP,Iowa,us-central1-a,Google
4,15,500,1,1024,1,10,14376,71.5,10.7,28.5,89.3,182.09,0.0127,C,GCP,Iowa,us-central1-a,Google
8,30,500,1,16,1,10,5607,84.7,67.4,15.3,32.6,279.18,0.0498,D,GCP,Iowa,us-central1-a,Google
8,30,500,1,32,1,10,9366,85.6,56.1,14.4,43.9,279.18,0.0298,D,GCP,Iowa,us-central1-a,Google
8,30,500,1,64,1,10,15696,84.4,40.9,15.6,59.1,279.18,0.0178,D,GCP,Iowa,us-central1-a,Google
8,30,500,1,128,1,10,18873,85.5,36.6,14.5,63.4,279.18,0.0148,D,GCP,Iowa,us-central1-a,Google
8,30,500,1,256,1,10,19355,85.1,35.3,14.9,64.7,279.18,0.0144,D,GCP,Iowa,us-central1-a,Google
8,30,500,1,512,1,10,19177,85.3,35.7,14.7,64.3,279.18,0.0146,D,GCP,Iowa,us-central1-a,Google
8,30,500,1,1024,1,10,19427,84.5,34.2,15.5,65.8,279.18,0.0144,D,GCP,Iowa,us-central1-a,Google
1,3.75,500,1,16,5,10,2917,7.3,22.2,92.7,77.8,109.27,0.0375,A,GCP,Iowa,us-central1-a,Google
1,3.75,500,1,32,5,10,3253,6.9,17.7,93.1,82.3,109.27,0.0336,A,GCP,Iowa,us-central1-a,Google
1,3.75,500,1,64,5,10,3805,7.4,13.5,92.6,86.5,109.27,0.0287,A,GCP,Iowa,us-central1-a,Google
1,3.75,500,1,128,5,10,4379,7.3,6.9,92.7,93.1,109.27,0.0250,A,GCP,Iowa,us-central1-a,Google
1,3.75,500,1,256,5,10,4778,7.0,3.1,93.0,96.9,109.27,0.0229,A,GCP,Iowa,us-central1-a,Google
1,3.75,500,1,512,5,10,4992,7.5,3.2,92.5,96.8,109.27,0.0219,A,GCP,Iowa,us-central1-a,Google
1,3.75,500,1,1024,5,10,5058,9.8,2.6,90.2,97.4,109.27,0.0216,A,GCP,Iowa,us-central1-a,Google
2,7.5,500,1,16,5,10,4068,42.6,28.9,57.4,71.1,133.54,0.0328,B,GCP,Iowa,us-central1-a,Google
2,7.5,500,1,32,5,10,4807,43.0,22.2,57.0,77.8,133.54,0.0278,B,GCP,Iowa,us-central1-a,Google
2,7.5,500,1,64,5,10,5740,42.3,15.5,57.7,84.5,133.54,0.0233,B,GCP,Iowa,us-central1-a,Google
2,7.5,500,1,128,5,10,6935,43.1,9.0,56.9,91.0,133.54,0.0193,B,GCP,Iowa,us-central1-a,Google
2,7.5,500,1,256,5,10,7977,43.7,3.2,56.3,96.8,133.54,0.0167,B,GCP,Iowa,us-central1-a,Google
2,7.5,500,1,512,5,10,8513,43.2,2.7,56.8,97.3,133.54,0.0157,B,GCP,Iowa,us-central1-a,Google
2,7.5,500,1,1024,5,10,8645,42.9,2.7,57.1,97.3,133.54,0.0154,B,GCP,Iowa,us-central1-a,Google
4,15,500,1,16,5,10,5047,72.5,47.8,27.5,52.2,182.09,0.0361,C,GCP,Iowa,us-central1-a,Google
4,15,500,1,32,5,10,6601,71.1,36.3,28.9,63.7,182.09,0.0276,C,GCP,Iowa,us-central1-a,Google
4,15,500,1,64,5,10,8658,71.7,25.4,28.3,74.6,182.09,0.0210,C,GCP,Iowa,us-central1-a,Google
4,15,500,1,128,5,10,11448,70.4,13.9,29.6,86.1,182.09,0.0159,C,GCP,Iowa,us-central1-a,Google
4,15,500,1,256,5,10,14005,71.9,8.3,28.1,91.7,182.09,0.0130,C,GCP,Iowa,us-central1-a,Google
4,15,500,1,512,5,10,15329,71.6,4.3,28.4,95.7,182.09,0.0119,C,GCP,Iowa,us-central1-a,Google
4,15,500,1,1024,5,10,15695,71.2,3.2,28.8,96.8,182.09,0.0116,C,GCP,Iowa,us-central1-a,Google
8,30,500,1,16,5,10,6286,84.8,68.2,15.2,31.8,279.18,0.0444,D,GCP,Iowa,us-central1-a,Google
8,30,500,1,32,5,10,8728,84.3,59.8,15.7,40.2,279.18,0.0320,D,GCP,Iowa,us-central1-a,Google
8,30,500,1,64,5,10,11381,85.2,47.1,14.8,52.9,279.18,0.0245,D,GCP,Iowa,us-central1-a,Google
8,30,500,1,128,5,10,16264,85.0,29.7,15.0,70.3,279.18,0.0172,D,GCP,Iowa,us-central1-a,Google
8,30,500,1,256,5,10,20890,85.7,25.5,14.3,74.5,279.18,0.0134,D,GCP,Iowa,us-central1-a,Google
8,30,500,1,512,5,10,22429,84.2,21.1,15.8,78.9,279.18,0.0124,D,GCP,Iowa,us-central1-a,Google
8,30,500,1,1024,5,10,23689,85.5,22.4,14.5,77.6,279.18,0.0118,D,GCP,Iowa,us-central1-a,Google
16,60,10,1,16,1,10,1510,93.8,97.2,6.2,2.8,390.06,0.2583,F,GCP,Iowa,us-central1-a,Google
16,60,10,1,32,1,10,3452,93.2,94.8,6.8,5.2,390.06,0.1130,F,GCP,Iowa,us-central1-a,Google
16,60,10,1,64,1,10,9251,93.7,88.7,6.3,11.3,390.06,0.0422,F,GCP,Iowa,us-central1-a,Google
16,60,10,1,128,1,10,21761,92.9,74.3,7.1,25.7,390.06,0.0179,F,GCP,Iowa,us-central1-a,Google
16,60,10,1,256,1,10,23760,93.5,72.4,6.5,27.6,390.06,0.0164,F,GCP,Iowa,us-central1-a,Google
16,60,10,1,512,1,10,24026,93.0,71.9,7.0,28.1,390.06,0.0162,F,GCP,Iowa,us-central1-a,Google
16,60,10,1,1024,1,10,23012,93.1,72.8,6.9,27.2,390.06,0.0170,F,GCP,Iowa,us-central1-a,Google
16,60,10,1,16,5,10,1155,93.3,97.1,6.7,2.9,390.06,0.3377,F,GCP,Iowa,us-central1-a,Google
16,60,10,1,32,5,10,1719,93.9,96.4,6.1,3.6,390.06,0.2269,F,GCP,Iowa,us-central1-a,Google
16,60,10,1,64,5,10,2794,93.1,94.6,6.9,5.4,390.06,0.1396,F,GCP,Iowa,us-central1-a,Google
16,60,10,1,128,5,10,5225,93.5,92.1,6.5,7.9,390.06,0.0747,F,GCP,Iowa,us-central1-a,Google
16,60,10,1,256,5,10,9228,93.6,87.9,6.4,12.1,390.06,0.0423,F,GCP,Iowa,us-central1-a,Google
16,60,10,1,512,5,10,12257,93.4,83.9,6.6,16.1,390.06,0.0318,F,GCP,Iowa,us-central1-a,Google
16,60,10,1,1024,5,10,12228,93.2,84.3,6.8,15.7,390.06,0.0319,F,GCP,Iowa,us-central1-a,Google
16,60,500,1,16,1,10,6149,93.8,87.7,6.2,12.3,473.36,0.0770,F,GCP,Iowa,us-central1-a,Google
16,60,500,1,32,1,10,11218,93.9,82.7,6.1,17.3,473.36,0.0422,F,GCP,Iowa,us-central1-a,Google
16,60,500,1,64,1,10,18643,93.3,75.6,6.7,24.4,473.36,0.0254,F,GCP,Iowa,us-central1-a,Google
16,60,500,1,128,1,10,23433,93.7,73.3,6.3,26.7,473.36,0.0202,F,GCP,Iowa,us-central1-a,Google
16,60,500,1,256,1,10,24232,93.5,72.6,6.5,27.4,473.36,0.0195,F,GCP,Iowa,us-central1-a,Google
16,60,500,1,512,1,10,24047,93.3,73.2,6.7,26.8,473.36,0.0197,F,GCP,Iowa,us-central1-a,Google
16,60,500,1,1024,1,10,23497,93.7,72.8,6.3,27.2,473.36,0.0201,F,GCP,Iowa,us-central1-a,Google
16,60,500,1,16,5,10,7032,93.5,86.8,6.5,13.2,473.36,0.0673,F,GCP,Iowa,us-central1-a,Google
16,60,500,1,32,5,10,9862,93.3,85.3,6.7,14.7,473.36,0.0480,F,GCP,Iowa,us-central1-a,Google
16,60,500,1,64,5,10,13296,93.6,80.2,6.4,19.8,473.36,0.0356,F,GCP,Iowa,us-central1-a,Google
16,60,500,1,128,5,10,19632,93.1,73.8,6.9,26.2,473.36,0.0241,F,GCP,Iowa,us-central1-a,Google
16,60,500,1,256,5,10,26142,92.9,63.2,7.1,36.8,473.36,0.0181,F,GCP,Iowa,us-central1-a,Google
16,60,500,1,512,5,10,29043,93.9,58.3,6.1,41.7,473.36,0.0163,F,GCP,Iowa,us-central1-a,Google
16,60,500,1,1024,5,10,30266,92.8,57.5,7.2,42.5,473.36,0.0156,F,GCP,Iowa,us-central1-a,Google
12,45,10,0,16,1,10,1458,90.7,96.9,9.3,3.1,306.06,0.2099,E,GCP,Iowa,us-central1-a,Google
12,45,10,0,32,1,10,3318,91.3,92.5,8.7,7.5,306.06,0.0922,E,GCP,Iowa,us-central1-a,Google
12,45,10,0,64,1,10,9974,91.1,78.3,8.9,21.7,306.06,0.0307,E,GCP,Iowa,us-central1-a,Google
12,45,10,0,128,1,10,22095,91.5,58.4,8.5,41.6,306.06,0.0139,E,GCP,Iowa,us-central1-a,Google
12,45,10,0,256,1,10,23182,91.4,56.3,8.6,43.7,306.06,0.0132,E,GCP,Iowa,us-central1-a,Google
12,45,10,0,512,1,10,23378,90.7,56.7,9.3,43.3,306.06,0.0131,E,GCP,Iowa,us-central1-a,Google
12,45,10,0,1024,1,10,23528,91.4,56.7,8.6,43.3,306.06,0.0130,E,GCP,Iowa,us-central1-a,Google
12,45,10,0,16,5,10,872,91.0,97.4,9.0,2.6,306.06,0.3510,E,GCP,Iowa,us-central1-a,Google
12,45,10,0,32,5,10,1182,91.2,96.5,8.8,3.5,306.06,0.2589,E,GCP,Iowa,us-central1-a,Google
12,45,10,0,64,5,10,1592,91.4,95.9,8.6,4.1,306.06,0.1922,E,GCP,Iowa,us-central1-a,Google
12,45,10,0,128,5,10,3421,90.9,92.1,9.1,7.9,306.06,0.0895,E,GCP,Iowa,us-central1-a,Google
12,45,10,0,256,5,10,8466,91.1,83.6,8.9,16.4,306.06,0.0362,E,GCP,Iowa,us-central1-a,Google
12,45,10,0,512,5,10,24776,91.3,52.1,8.7,47.9,306.06,0.0124,E,GCP,Iowa,us-central1-a,Google
12,45,10,0,1024,5,10,23651,90.8,52.8,9.2,47.2,306.06,0.0129,E,GCP,Iowa,us-central1-a,Google
12,45,500,0,16,1,10,3217,91.4,92.2,8.6,7.8,325.66,0.1012,E,GCP,Iowa,us-central1-a,Google
12,45,500,0,32,1,10,8176,90.8,83.8,9.2,16.2,325.66,0.0398,E,GCP,Iowa,us-central1-a,Google
12,45,500,0,64,1,10,14461,91.3,74.4,8.7,25.6,325.66,0.0225,E,GCP,Iowa,us-central1-a,Google
12,45,500,0,128,1,10,22189,91.6,65.5,8.4,34.5,325.66,0.0147,E,GCP,Iowa,us-central1-a,Google
12,45,500,0,256,1,10,23003,90.7,64.2,9.3,35.8,325.66,0.0142,E,GCP,Iowa,us-central1-a,Google
12,45,500,0,512,1,10,23071,91.4,65.1,8.6,34.9,325.66,0.0141,E,GCP,Iowa,us-central1-a,Google
12,45,500,0,1024,1,10,23060,90.9,64.3,9.1,35.7,325.66,0.0141,E,GCP,Iowa,us-central1-a,Google
12,45,500,0,16,5,10,2713,90.7,92.9,9.3,7.1,325.66,0.1200,E,GCP,Iowa,us-central1-a,Google
12,45,500,0,32,5,10,3760,91.2,90.8,8.8,9.2,325.66,0.0866,E,GCP,Iowa,us-central1-a,Google
12,45,500,0,64,5,10,5554,91.3,86.8,8.7,13.2,325.66,0.0586,E,GCP,Iowa,us-central1-a,Google
12,45,500,0,128,5,10,10767,91.1,75.2,8.9,24.8,325.66,0.0302,E,GCP,Iowa,us-central1-a,Google
12,45,500,0,256,5,10,18414,91.2,55.8,8.8,44.2,325.66,0.0177,E,GCP,Iowa,us-central1-a,Google
12,45,500,0,512,5,10,25927,90.8,46.6,9.2,53.4,325.66,0.0126,E,GCP,Iowa,us-central1-a,Google
12,45,500,0,1024,5,10,27408,91.4,43.3,8.6,56.7,325.66,0.0119,E,GCP,Iowa,us-central1-a,Google
12,45,10,1,16,1,10,1536,91.1,95.6,8.9,4.4,307.36,0.2001,E,GCP,Iowa,us-central1-a,Google
12,45,10,1,32,1,10,3491,91.3,92.2,8.7,7.8,307.36,0.0880,E,GCP,Iowa,us-central1-a,Google
12,45,10,1,64,1,10,9002,90.9,81.3,9.1,18.7,307.36,0.0341,E,GCP,Iowa,us-central1-a,Google
12,45,10,1,128,1,10,20680,90.8,65.2,9.2,34.8,307.36,0.0149,E,GCP,Iowa,us-central1-a,Google
12,45,10,1,256,1,10,21464,91.2,64.1,8.8,35.9,307.36,0.0143,E,GCP,Iowa,us-central1-a,Google
12,45,10,1,512,1,10,21606,91.1,63.7,8.9,36.3,307.36,0.0142,E,GCP,Iowa,us-central1-a,Google
12,45,10,1,1024,1,10,21663,90.9,63.7,9.1,36.3,307.36,0.0142,E,GCP,Iowa,us-central1-a,Google
12,45,10,1,16,5,10,1206,91.3,95.4,8.7,4.6,307.36,0.2549,E,GCP,Iowa,us-central1-a,Google
12,45,10,1,32,5,10,1837,91.5,94.2,8.5,5.8,307.36,0.1673,E,GCP,Iowa,us-central1-a,Google
12,45,10,1,64,5,10,3015,90.8,92.4,9.2,7.6,307.36,0.1019,E,GCP,Iowa,us-central1-a,Google
12,45,10,1,128,5,10,5435,90.9,88.4,9.1,11.6,307.36,0.0566,E,GCP,Iowa,us-central1-a,Google
12,45,10,1,256,5,10,9711,91.2,79.2,8.8,20.8,307.36,0.0317,E,GCP,Iowa,us-central1-a,Google
12,45,10,1,512,5,10,12711,91.1,72.2,8.9,27.8,307.36,0.0242,E,GCP,Iowa,us-central1-a,Google
12,45,10,1,1024,5,10,12503,91.3,71.7,8.7,28.3,307.36,0.0246,E,GCP,Iowa,us-central1-a,Google
12,45,500,1,16,1,10,5534,91.2,85.3,8.8,14.7,390.66,0.0706,E,GCP,Iowa,us-central1-a,Google
12,45,500,1,32,1,10,9415,91.1,79.2,8.9,20.8,390.66,0.0415,E,GCP,Iowa,us-central1-a,Google
12,45,500,1,64,1,10,15879,90.8,72.2,9.2,27.8,390.66,0.0246,E,GCP,Iowa,us-central1-a,Google
12,45,500,1,128,1,10,19823,90.8,61.9,9.2,38.1,390.66,0.0197,E,GCP,Iowa,us-central1-a,Google
12,45,500,1,256,1,10,20006,91.4,62.4,8.6,37.6,390.66,0.0195,E,GCP,Iowa,us-central1-a,Google
12,45,500,1,512,1,10,20428,90.9,61.3,9.1,38.7,390.66,0.0191,E,GCP,Iowa,us-central1-a,Google
12,45,500,1,1024,1,10,20971,91.1,60.7,8.9,39.3,390.66,0.0186,E,GCP,Iowa,us-central1-a,Google
12,45,500,1,16,5,10,6287,91.3,84.1,8.7,15.9,390.66,0.0621,E,GCP,Iowa,us-central1-a,Google
12,45,500,1,32,5,10,8870,91.1,81.6,8.9,18.4,390.66,0.0440,E,GCP,Iowa,us-central1-a,Google
12,45,500,1,64,5,10,12111,91.2,72.7,8.8,27.3,390.66,0.0323,E,GCP,Iowa,us-central1-a,Google
12,45,500,1,128,5,10,17950,90.9,64.8,9.1,35.2,390.66,0.0218,E,GCP,Iowa,us-central1-a,Google
12,45,500,1,256,5,10,23970,90.7,55.4,9.3,44.6,390.66,0.0163,E,GCP,Iowa,us-central1-a,Google
12,45,500,1,512,5,10,26818,90.9,47.3,9.1,52.7,390.66,0.0146,E,GCP,Iowa,us-central1-a,Google
12,45,500,1,1024,5,10,28319,90.8,40.9,9.2,59.1,390.66,0.0138,E,GCP,Iowa,us-central1-a,Google
